section,name,url,address
Hand-Picked Cool,Annex x LOCAL,https://www.annexvintage.com/us/,5364 Saint-Laurent Boulevard
Hand-Picked Cool,Ex-Voto,https://exvoto.ca/en,6534 Saint-Laurent Boulevard
Hand-Picked Cool,LNF,https://www.lnfshop.com/,5319 Park Avenue
Hand-Picked Cool,Lazy Vintage,https://www.lazymtl.com/,"1682 Mont-Royal Avenue East, 3730 Ontario Street East"
Hand-Picked Cool,Le Ninety,https://www.instagram.com/le.ninety/?hl=en,4361 Saint-Denis Street
Hand-Picked Cool,Bohème Vintage,https://bohemevintage.com/,206 Saint-Viateur West
Hand-Picked Cool,Shwap Club,https://www.shwapclub.com/,4710 Saint-Ambroise Street #265
Hand-Picked Cool,Common Sort,https://commonsort.com/,3667 Saint-Laurent Boulevard
Hand-Picked Cool,Empire Exchange,https://empiremtl.com/,5225 & 6796 Saint-Laurent Boulevard
Restored & Upcycled,Citizen Vintage,https://www.citizenvintage.com/,5330 Saint-Laurent Boulevard
Restored & Upcycled,La Pompadour Boutique,https://lapompadourmtl.com/,5358 Saint-Laurent Boulevard
Restored & Upcycled,Covet Vintage,https://covetvintage.com/,5413 Saint-Laurent Boulevard
Restored & Upcycled,Take Three,https://www.boutiquetakethree.com/about,5594 Saint-Laurent Boulevard
Restored & Upcycled,ERA Vintage Wear,https://eravintagewear.shop/,"999 Du College Street, #41"
Restored & Upcycled,Cul-du-Sac,https://www.instagram.com/culdesac.mtl/?hl=en,3794 Saint-Laurent Boulevard
Hunter's Paradise,Eva B,https://boutiqueevab.com/,2015 Saint-Laurent Boulevard
Hunter's Paradise,Eva D,https://boutiqueevab.com/collections/eva-d,1611 Saint-Laurent Boulevard
Hunter's Paradise,Hadio,https://hadio.com/another-home/,314 Mont-Royal Avenue East
Hunter's Paradise,KILOFripe,https://kilofripe.com/,3800 Saint-Laurent Boulevard
Hunter's Paradise,Marché Floh,https://marchefloh.com/,4301 Saint-Denis Street
Hunter's Paradise,The Little Shop,https://www.instagram.com/thelittleshopmtl/?hl=en,1002 Ogilvy Avenue
Bring it to the Runway,Rudston Brown,https://rudstonbrownvintage.com/,5879 Sherbrooke Street West
Bring it to the Runway,Le Dressing,https://www.ledressingmontreal.com/,3854 Saint-Denis Street
Bring it to the Runway,Les Folles Alliées,https://www.facebook.com/pages/category/Shopping-Service/Boutique-folles-alli%25C3%25A9es-1878630802377338/,371 Mont-Royal Avenue East
Bring it to the Runway,Seconde,https://www.instagram.com/seconde.vintage/?hl=en,5274 Saint-Laurent Boulevard
Bring it to the Runway,RUSE,https://www.ruseboutique.com/fc/,5141 Saint-Laurent Boulevard
Bring it to the Runway,Inedit.e,https://www.instagram.com/inedit.e_/?hl=en,6370 Saint-Laurent Boulevard
Unleash the Niche,Palmo Goods,https://www.palmogoods.com/,263 Mont-Royal Avenue Est
Unleash the Niche,La Caravane Vintage,https://www.lacaravanevintage.com/,4116 Saint-Laurent Boulevard
Unleash the Niche,Boutique Le 63,https://www.instagram.com/boutiquele63/?hl=en,63 Mont-Royal Avenue Est
Unleash the Niche,Mervmatsui,https://www.instagram.com/mervmatsui/?hl=en,1025 Avenue Van Horne
Unleash the Niche,Club Theos Montreal Inc,https://www.instagram.com/theosmontreal/?hl=en,1134A Mont-Royal Avenue Est
Unleash the Niche,Club 777 Vintage,https://club777vintage.com/,4339 Saint-Denis Street
Unleash the Niche,Ribotti Vintage,https://ribottivintage.com/en,5149 Saint-Laurent Boulevard
Unleash the Niche,Kitsch'n Swell,https://www.boutiquekitschnswell.com/fc/,4065 Saint-Laurent Boulevard
Home Sweet Secondhand Home,Style Labo,http://stylelabo-deco.com/,5595 Saint-Laurent Boulevard
Home Sweet Secondhand Home,Spazio Architectural Antiques,https://www.spazio.ca/,8405 Saint-Laurent Boulevard
Home Sweet Secondhand Home,Re.ixue,https://www.reixue.com/,262 Avenue Fairmount West
